{"loss": 0.0037297026719897985, "_timestamp": 1699230269.015733, "_runtime": 5.331319093704224, "_step": 9, "_wandb": {"runtime": 3}}