{"loss": 0.0009001573780551553, "_timestamp": 1699230187.719676, "_runtime": 16.31112313270569, "_step": 259, "_wandb": {"runtime": 15}}