{"loss": 0.0028093140572309494, "_timestamp": 1699227146.0944011, "_runtime": 11.035260200500488, "_step": 31, "_wandb": {"runtime": 10}}