{"loss": 0.003821464953944087, "_timestamp": 1699229943.763875, "_runtime": 3.6049458980560303, "_step": 5, "_wandb": {"runtime": 2}}